{
    "locations": [
        {
            "name": "Back center Desk area",
            "x": 5.864246905205546,
            "y": -1.7762298166541142
        },
        {
            "name": "Back Corner Desk area",
            "x": 6.7482722020220915,
            "y": -0.9386118914442588
        },
        {
            "name": "Toy Box",
            "x": 3.684806144581846,
            "y": 2.9035623574373095
        },
        {
            "name": "Home",
            "x": 0.7416311098062413,
            "y": 0.7343349764896416
        }
    ]
}